{
    "loss": 0.33048689365386963,
    "accuracy": 0.8745476603507996
}