{
    "loss": 0.7061330080032349,
    "accuracy": 0.862882673740387
}